"Process","Created","PID","State","Path","User","Details"
"System","2026-09-23 08:00:00","4","Running","","NT AUTHORITY\SYSTEM","Kernel process"
"smss.exe","2026-09-23 08:00:01","488","Running","C:\Windows\System32\smss.exe","NT AUTHORITY\SYSTEM","Windows Session Manager"
"csrss.exe","2026-09-23 08:00:02","672","Running","C:\Windows\System32\csrss.exe","NT AUTHORITY\SYSTEM","Client Server Runtime"
"wininit.exe","2026-09-23 08:00:02","748","Running","C:\Windows\System32\wininit.exe","NT AUTHORITY\SYSTEM","Windows Start-Up Application"
"services.exe","2026-09-23 08:00:03","824","Running","C:\Windows\System32\services.exe","NT AUTHORITY\SYSTEM","Service Control Manager"
"lsass.exe","2026-09-23 08:00:03","840","Running","C:\Windows\System32\lsass.exe","NT AUTHORITY\SYSTEM","Local Security Authority"
"svchost.exe","2026-09-23 08:00:04","1032","Running","C:\Windows\System32\svchost.exe","NT AUTHORITY\SYSTEM","Host Process for Windows Services"
"svchost.exe","2026-09-23 08:00:04","1096","Running","C:\Windows\System32\svchost.exe","LOCAL SERVICE","DHCP Client"
"explorer.exe","2026-09-23 08:01:20","1480","Running","C:\Windows\explorer.exe","WORKSTATION\Analyst","Windows Explorer"
"SearchHost.exe","2026-09-23 08:01:24","2056","Running","C:\Windows\SystemApps\SearchHost.exe","WORKSTATION\Analyst","Windows Search"
"powershell.exe","2026-09-23 08:15:31","2312","Review","C:\Windows\System32\WindowsPowerShell\v1.0\powershell.exe","WORKSTATION\Analyst","Command line: powershell.exe -NoProfile
Evidence note: verify script origin, parent process and execution time."
"MemProcFS.exe","2026-09-23 08:20:05","2840","Running","C:\Tools\MemProcFS\MemProcFS.exe","WORKSTATION\Analyst","Memory image mounted; export includes CSV, JSON and text reports."
"chrome.exe","2026-09-23 08:23:10","2964","Running","C:\Program Files\Google\Chrome\Application\chrome.exe","WORKSTATION\Analyst","Browser main process"
"chrome.exe","2026-09-23 08:23:11","3108","Running","C:\Program Files\Google\Chrome\Application\chrome.exe","WORKSTATION\Analyst","Browser renderer"
"notepad.exe","2026-09-23 08:24:45","3672","Running","C:\Windows\System32\notepad.exe","WORKSTATION\Analyst","Заметки аналитика — проверка Unicode"
"svchost.exe","2026-09-23 09:41:02","4088","Review","C:\Users\Public\svchost.exe","WORKSTATION\Analyst","Unexpected location. Compare with C:\Windows\System32\svchost.exe."
"cmd.exe","2026-09-23 09:41:04","4120","Review","C:\Windows\System32\cmd.exe","WORKSTATION\Analyst","Parent PID 4088"
"conhost.exe","2026-09-23 09:41:04","4296","Running","C:\Windows\System32\conhost.exe","WORKSTATION\Analyst","Console Window Host"
"RuntimeBroker.exe","2026-09-23 09:52:22","4520","Running","C:\Windows\System32\RuntimeBroker.exe","WORKSTATION\Analyst","Runtime Broker"
"Timeline.exe","2026-09-23 10:00:00","4892","Running","C:\Tools\Timeline\Timeline.exe","WORKSTATION\Analyst","Read-only evidence review"
